Name,Week,Points,MinutesPlayed,Goals,Assists,xGoals,xAssists,CleanSheets,GoalsConceded,xGoalsConceded,Saves,BonusPoints,BonusPointsRating
Fabio Vieira,2,0,0,0,0,0,0,0,0,0,0,0,0
Gabriel,2,1,20,0,0,0,0,0,0,0.73,0,0,5
Havertz,2,2,90,0,0,0.02,0.05,1,0,1.06,0,0,-1
G.Jesus,2,0,0,0,0,0,0,0,0,0,0,0,0
Jorginho,2,1,11,0,0,0,0.01,0,0,0.59,0,0,5
Kiwior,2,1,1,0,0,0,0,0,0,0.26,0,0,3
Martinelli,2,3,69,0,0,0.11,0.04,1,0,0.34,0,0,4
Nketiah,2,5,78,0,1,0.81,0.02,1,0,0.47,0,0,6
Odegaard,2,11,89,1,0,0.83,0.09,1,0,0.8,0,3,32
Thomas,2,3,90,0,0,0.07,0.05,1,0,1.06,0,0,21
Ramsdale,2,6,90,0,0,0,0.01,1,0,1.06,2,0,25
Saka,2,3,88,0,0,0.16,0.11,1,0,0.8,0,0,15
Saliba,2,8,90,0,0,0,0.01,1,0,1.06,0,2,29
Smith Rowe,2,0,0,0,0,0,0,0,0,0,0,0,0
Tavares,2,0,0,0,0,0,0,0,0,0,0,0,0
Tomiyasu,2,3,66,0,0,0,0.03,1,0,1.79,0,0,13
Trossard,2,0,0,0,0,0,0,0,0,0,0,0,0
Turner,2,2,90,0,0,0,0,0,1,0.51,2,0,13
White,2,7,90,0,0,0,0.02,1,0,1.06,0,1,26
Zinchenko,2,1,1,0,0,0,0,0,0,0.26,0,0,2
Archer,2,0,5,0,0,0,0,0,0,0,0,0,-1
Bailey,2,14,62,1,1,0.32,0.68,1,0,0.64,0,3,41
Cash,2,6,90,0,0,0,0.27,1,0,0.68,0,0,27
Coutinho,2,1,21,0,0,0.07,0.01,0,0,0.03,0,0,4
Diego Carlos,2,1,26,0,0,0,0,0,0,0.03,0,0,8
Digne,2,10,90,0,1,0.02,0.05,1,0,0.68,0,2,31
Douglas Luiz,2,7,63,1,0,0.79,0.1,1,0,0.64,0,0,30
Duran,2,7,16,1,0,0.55,0,0,0,0.03,0,2,31
Kamara,2,3,90,0,0,0.02,0.03,1,0,0.68,0,0,12
Konsa,2,6,90,0,0,0,0,1,0,0.68,0,0,29
Martinez,2,8,90,0,0,0,0,1,0,0.68,2,2,31
McGinn,2,10,90,1,0,0.86,0.09,1,0,0.68,0,2,31
Mings,2,0,0,0,0,0,0,0,0,0,0,0,0
Nakamba,2,0,0,0,0,0,0,0,0,0,0,0,0
Olsen,2,0,0,0,0,0,0,0,0,0,0,0,0
Tielemans,2,1,27,0,0,0,0.01,0,0,0.03,0,0,9
Bertrand Traore,2,0,0,0,0,0,0,0,0,0,0,0,0
Watkins,2,5,73,0,1,0.15,0.05,1,0,0.64,0,0,11
Billing,2,2,90,0,0,0.41,0.07,0,3,3.08,0,0,5
Brooks,2,1,14,0,0,0,0.19,0,0,0.08,0,0,7
Christie,2,2,62,0,0,0,0,0,3,2.88,0,0,8
L.Cook,2,0,0,0,0,0,0,0,0,0,0,0,0
Kelly,2,1,14,0,0,0,0,0,0,0.08,0,0,3
Kluivert,2,1,27,0,0,0.22,0.01,0,0,0.2,0,0,2
Lowe,2,0,0,0,0,0,0,0,0,0,0,0,0
Mepham,2,0,0,0,0,0,0,0,0,0,0,0,0
Moore,2,1,27,0,0,0.23,0,0,0,0.2,0,0,-1
N.Neto,2,10,90,0,0,0,0,0,3,3.08,8,3,37
Rothwell,2,2,75,0,0,0,0.01,0,3,3,0,0,8
Semenyo,2,6,75,1,0,0.18,0.1,0,3,3,0,1,32
Senesi,2,1,83,0,0,0,0.06,0,3,3.08,0,0,18
Solanke,2,5,90,0,1,0.15,0.01,0,3,3.08,0,0,11
Tavernier,2,0,0,0,0,0,0,0,0,0,0,0,0
Hamed Traorè,2,1,6,0,0,0.15,0,0,0,0,0,0,7
Zabarnyi,2,1,90,0,0,0,0,0,3,3.08,0,0,17
Ajer,2,4,1,0,1,0.15,0.55,0,0,0.02,0,0,15
Collins,2,6,90,0,0,0.08,0.2,1,0,0.46,0,0,29
Damsgaard,2,1,11,0,0,0,0,0,0,0.09,0,0,0
Dasilva,2,1,9,0,0,0,0,0,0,0.07,0,0,3
Flekken,2,6,90,0,0,0,0,1,0,0.46,2,0,28
Henry,2,5,90,0,0,0,0.09,1,0,0.46,0,0,18
Hickey,2,5,77,0,0,0,0.01,1,0,0.36,0,0,15
Janelt,2,3,90,0,0,0,0.15,1,0,0.46,0,0,11
Jensen,2,3,90,0,0,0.07,0.68,1,0,0.46,0,0,25
Lewis-Potter,2,1,19,0,0,0.22,0.01,0,0,0.09,0,0,0
Mbeumo,2,16,90,2,0,1.79,0.24,1,0,0.46,0,3,43
Mee,2,0,0,0,0,0,0,0,0,0,0,0,0
Norgaard,2,3,78,0,0,0.02,0.02,1,0,0.36,0,0,11
Onyeka,2,0,0,0,0,0,0,0,0,0,0,0,0
Pinnock,2,7,90,0,0,0.04,0.22,1,0,0.46,0,1,32
Raya,2,0,0,0,0,0,0,0,0,0,0,0,0
Schade,2,3,70,0,0,0,0.05,1,0,0.36,0,0,2
Toney,2,0,0,0,0,0,0,0,0,0,0,0,0
Wissa,2,11,78,1,1,1.43,0.02,1,0,0.36,0,2,36
Adingra,2,0,0,0,0,0,0,0,0,0,0,0,0
Caicedo,2,1,29,0,0,0.03,0.03,0,1,0.95,0,0,1
Dahoud,2,1,9,0,0,0,0.02,0,0,0.18,0,0,4
Dunk,2,2,90,0,0,0,0,0,1,2.06,0,0,16
Enciso,2,7,66,0,2,0.2,0.58,0,1,1.77,0,0,28
Estupinan,2,11,90,1,1,0.25,0.05,0,1,2.06,0,1,33
Ferguson,2,1,23,0,0,0.09,0.01,0,0,0.29,0,0,-1
Gilmour,2,2,90,0,0,0,0.03,0,1,2.06,0,0,15
Gross,2,1,80,0,0,0,0.17,0,1,1.88,0,0,12
Joao Pedro,2,0,33,0,0,0.16,0.01,0,1,1.15,0,0,-1
Lallana,2,1,9,0,0,0,0.01,0,0,0.18,0,0,4
Lamptey,2,0,0,0,0,0,0,0,0,0,0,0,0
March,2,15,90,2,0,0.87,0.14,0,1,2.06,0,3,47
Milner,2,0,56,0,0,0,0.13,0,0,0.91,0,0,8
Mitoma,2,12,80,1,1,0.53,0.67,0,1,1.88,0,2,40
Sanchez,2,2,90,0,0,0,0,0,3,1.8,3,0,14
Steele,2,3,90,0,0,0,0,0,1,2.06,4,0,21
Van Hecke,2,0,0,0,0,0,0,0,0,0,0,0,0
Veltman,2,1,33,0,0,0,0,0,1,1.15,0,0,8
Verbruggen,2,0,0,0,0,0,0,0,0,0,0,0,0
Webster,2,1,90,0,0,0,0.01,0,1,2.06,0,0,20
Welbeck,2,1,56,0,0,0.17,0.04,0,0,0.91,0,0,-3
Al-Dakhil,2,0,0,0,0,0,0,0,0,0,0,0,0
Benson,2,0,0,0,0,0,0,0,0,0,0,0,0
Beyer,2,0,0,0,0,0,0,0,0,0,0,0,0
Brownhill,2,0,0,0,0,0,0,0,0,0,0,0,0
Cork,2,0,0,0,0,0,0,0,0,0,0,0,0
Cullen,2,0,0,0,0,0,0,0,0,0,0,0,0
Foster,2,0,0,0,0,0,0,0,0,0,0,0,0
Gudmundsson,2,0,0,0,0,0,0,0,0,0,0,0,0
O'Shea,2,0,0,0,0,0,0,0,0,0,0,0,0
Roberts,2,0,0,0,0,0,0,0,0,0,0,0,0
Rodriguez,2,0,0,0,0,0,0,0,0,0,0,0,0
Taylor,2,0,0,0,0,0,0,0,0,0,0,0,0
Vitinho,2,0,0,0,0,0,0,0,0,0,0,0,0
Chalobah,2,0,0,0,0,0,0,0,0,0,0,0,0
Chilwell,2,1,60,0,0,0.21,0.49,0,2,0.85,0,0,13
Chukwuemeka,2,5,45,1,0,0.08,0.04,0,1,0.73,0,0,19
Colwill,2,1,90,0,0,0.13,0.02,0,3,1.8,0,0,10
Cucurella,2,0,0,0,0,0,0,0,0,0,0,0,0
Enzo,2,0,90,0,0,0.82,0.35,0,3,1.8,0,0,9
W.Fofana,2,0,0,0,0,0,0,0,0,0,0,0,0
Gallagher,2,2,74,0,0,0.13,0.03,0,2,0.88,0,0,15
Gusto,2,1,82,0,0,0.05,0.05,0,2,0.9,0,0,20
Hudson-Odoi,2,0,0,0,0,0,0,0,0,0,0,0,0
James,2,0,0,0,0,0,0,0,0,0,0,0,0
Madueke,2,1,15,0,0,0.05,0.02,0,1,0.92,0,0,3
Mount,2,2,84,0,0,0,0.03,0,2,1.74,0,0,9
Mudryk,2,1,45,0,0,0.08,0.15,0,2,1.07,0,0,8
N.Jackson,2,1,90,0,0,0.79,0.04,0,3,1.8,0,0,6
Nkunku,2,0,0,0,0,0,0,0,0,0,0,0,0
M.Sarr,2,0,0,0,0,0,0,0,0,0,0,0,0
Sterling,2,2,90,0,0,0.06,0.23,0,3,1.8,0,0,13
T.Silva,2,1,90,0,0,0.04,0.04,0,3,1.8,0,0,16
Ahamada,2,1,16,0,0,0,0.02,0,0,0,0,0,6
Andersen,2,2,90,0,0,0,0.02,0,1,2,0,0,14
J.Ayew,2,1,90,0,0,0.18,0.03,0,1,2,0,0,2
C.Doucoure,2,1,90,0,0,0.11,0.1,0,1,2,0,0,8
Edouard,2,2,90,0,0,0.48,0.06,0,1,2,0,0,0
Eze,2,2,90,0,0,0.25,0.15,0,1,2,0,0,14
Guehi,2,2,90,0,0,0,0.06,0,1,2,0,0,15
Hughes,2,0,0,0,0,0,0,0,0,0,0,0,0
Johnstone,2,2,90,0,0,0,0,0,1,2,2,0,8
Lerma,2,2,90,0,0,0,0.13,0,1,2,0,0,16
Mateta,2,0,0,0,0,0,0,0,0,0,0,0,0
Mitchell,2,2,90,0,0,0.03,0.13,0,1,2,0,0,15
Olise,2,0,0,0,0,0,0,0,0,0,0,0,0
Schlupp,2,2,73,0,0,0,0.02,0,1,2,0,0,9
Tomkins,2,0,0,0,0,0,0,0,0,0,0,0,0
Ward,2,2,82,0,0,0,0,0,1,2,0,0,10
Branthwaite,2,0,0,0,0,0,0,0,0,0,0,0,0
Calvert-Lewin,2,1,37,0,0,0,0,0,2,2.12,0,0,1
A.Doucoure,2,2,90,0,0,0.09,0.03,0,4,3.11,0,0,2
Garner,2,2,90,0,0,0.03,0.14,0,4,3.11,0,0,8
Godfrey,2,0,0,0,0,0,0,0,0,0,0,0,0
Gana,2,0,45,0,0,0,0,0,2,2.12,0,0,1
Iwobi,2,1,50,0,0,0,0.07,0,2,2.13,0,0,4
Keane,2,-1,90,0,0,0,0.01,0,4,3.11,0,0,6
Maupay,2,1,39,0,0,0.15,0.02,0,2,0.98,0,0,-1
McNeil,2,0,0,0,0,0,0,0,0,0,0,0,0
Mykolenko,2,0,0,0,0,0,0,0,0,0,0,0,0
Onana,2,2,90,0,0,0,0.02,0,4,3.11,0,0,14
Patterson,2,-1,90,0,0,0.03,0.07,0,4,3.11,0,0,15
Pickford,2,0,90,0,0,0,0,0,4,3.11,3,0,7
Tarkowski,2,0,90,0,0,0.21,0.01,0,4,3.11,0,0,14
Andreas,2,2,67,0,0,0.02,0.01,0,2,1.94,0,0,8
Cairney,2,0,0,0,0,0,0,0,0,0,0,0,0
De Cordova-Reid,2,2,67,0,0,0.15,0.01,0,2,1.94,0,0,4
Diop,2,1,90,0,0,0.12,0.02,0,3,3.8,0,0,9
Leno,2,2,90,0,0,0,0,0,3,3.8,5,0,19
Lukic,2,2,90,0,0,0,0.05,0,3,3.8,0,0,14
J.Palhinha,2,0,23,0,0,0,0.01,0,1,1.87,0,0,0
Ream,2,-2,63,0,0,0,0.01,0,3,6.46,0,0,1
Reed,2,1,66,0,0,0,0.08,0,2,1.94,0,0,9
Robinson,2,1,90,0,0,0,0.03,0,3,3.8,0,0,12
Tete,2,1,85,0,0,0,0.07,0,2,2.54,0,0,19
Tosin,2,0,0,0,0,0,0,0,0,0,0,0,0
H.Wilson,2,2,90,0,0,0.05,0.14,0,3,3.8,0,0,8
Alexander-Arnold,2,2,75,0,0,0.13,0.12,0,1,0.45,0,0,18
A.Becker,2,2,90,0,0,0,0,0,1,1.29,4,0,16
Bajcetic,2,0,0,0,0,0,0,0,0,0,0,0,0
Darwin,2,1,4,0,0,0,0,0,0,0.28,0,0,5
Diogo J.,2,12,75,1,1,0.69,0.12,0,1,0.45,0,2,33
Elliott,2,1,14,0,0,0,0,0,0,0.84,0,0,2
Gakpo,2,2,62,0,0,0.24,0.04,0,1,0.19,0,0,10
Gomez,2,1,14,0,0,0,0,0,0,0.84,0,0,4
Jones,2,0,0,0,0,0,0,0,0,0,0,0,0
Konate,2,2,90,0,0,0.05,0,0,1,1.29,0,0,16
Luis Diaz,2,7,85,1,0,0.42,0.22,0,1,1,0,0,28
Mac Allister,2,-2,57,0,0,0,0.05,0,1,2.38,0,0,1
Matip,2,0,0,0,0,0,0,0,0,0,0,0,0
Phillips,2,0,0,0,0,0,0,0,0,0,0,0,0
Robertson,2,2,90,0,0,0,0.21,0,1,1.29,0,0,19
Salah,2,5,85,1,0,1.23,0.11,0,1,1,0,0,15
Szoboszlai,2,5,90,0,1,0.12,0.05,0,1,1.29,0,0,26
Thiago,2,0,0,0,0,0,0,0,0,0,0,0,0
Tsimikas,2,1,4,0,0,0,0,0,0,0.28,0,0,3
Virgil,2,2,90,0,0,0.21,0.02,0,1,1.29,0,0,17
Adebayo,2,0,0,0,0,0,0,0,0,0,0,0,0
M.Andersen,2,0,0,0,0,0,0,0,0,0,0,0,0
Bell,2,0,0,0,0,0,0,0,0,0,0,0,0
Burke,2,0,0,0,0,0,0,0,0,0,0,0,0
Doughty,2,0,0,0,0,0,0,0,0,0,0,0,0
McAtee,2,0,0,0,0,0,0,0,0,0,0,0,0
Morris,2,0,0,0,0,0,0,0,0,0,0,0,0
Ogbene,2,0,0,0,0,0,0,0,0,0,0,0,0
Woodrow,2,0,0,0,0,0,0,0,0,0,0,0,0
Akanji,2,7,90,0,0,0.03,0.02,1,0,0.29,0,1,28
Ake,2,0,0,0,0,0,0,0,0,0,0,0,0
J.Alvarez,2,7,90,1,0,0.11,0.02,1,0,0.29,0,2,33
Bernardo,2,0,0,0,0,0,0,0,0,0,0,0,0
De Bruyne,2,0,0,0,0,0,0,0,0,0,0,0,0
Ruben,2,7,90,0,0,0,0.01,1,0,0.29,0,1,28
Ederson M.,2,6,90,0,0,0,0.01,1,0,0.29,1,0,25
Foden,2,9,90,0,1,0.33,0.53,1,0,0.29,0,3,35
Grealish,2,3,90,0,0,0.09,0.04,1,0,0.29,0,0,7
Haaland,2,2,90,0,0,0.43,0.02,1,0,0.29,0,0,1
Kovačic,2,3,90,0,0,0.1,0.04,1,0,0.29,0,0,15
R.Lewis,2,0,0,0,0,0,0,0,0,0,0,0,0
Palmer,2,0,0,0,0,0,0,0,0,0,0,0,0
Rodrigo,2,3,90,0,0,0,0.07,1,0,0.29,0,0,19
Sergio Gomez,2,0,0,0,0,0,0,0,0,0,0,0,0
Stones,2,0,0,0,0,0,0,0,0,0,0,0,0
Walker,2,6,90,0,0,0,0.05,1,0,0.29,0,0,25
Antony,2,1,65,0,0,0.23,0.05,0,1,1.25,0,0,1
B.Fernandes,2,1,90,0,0,0.76,0.42,0,2,1.8,0,0,13
Casemiro,2,2,90,0,0,0.4,0.02,0,2,1.8,0,0,7
Dalot,2,1,24,0,0,0,0.01,0,1,0.55,0,0,4
Elanga,2,1,21,0,0,0.03,0,0,0,0.27,0,0,3
Eriksen,2,1,24,0,0,0,0.01,0,1,0.55,0,0,7
Garnacho,2,2,65,0,0,0.21,0.05,0,1,1.25,0,0,9
Lindelof,2,0,0,0,0,0,0,0,0,0,0,0,0
Maguire,2,0,0,0,0,0,0,0,0,0,0,0,0
Malacia,2,0,0,0,0,0,0,0,0,0,0,0,0
Martial,2,1,5,0,0,0,0.01,0,0,0.07,0,0,3
L.Martinez,2,-1,90,0,0,0,0.01,0,2,1.8,0,0,12
McTominay,2,0,0,0,0,0,0,0,0,0,0,0,0
R.Varane,2,1,90,0,0,0.03,0.01,0,2,1.8,0,0,17
Rashford,2,2,84,0,0,0.36,0.05,0,2,1.74,0,0,-4
Sancho,2,1,24,0,0,0,0.01,0,1,0.55,0,0,7
Shaw,2,1,90,0,0,0,0.47,0,2,1.8,0,0,23
Wan-Bissaka,2,1,65,0,0,0,0.1,0,1,1.25,0,0,11
Almiron,2,2,85,0,0,0.06,0.03,0,1,0.81,0,0,3
Anderson,2,1,23,0,0,0,0.01,0,0,0.28,0,0,7
Botman,2,2,90,0,0,0,0,0,1,1.09,0,0,15
Bruno G.,2,1,90,0,0,0.07,0.05,0,1,1.09,0,0,7
Burn,2,2,90,0,0,0,0.01,0,1,1.09,0,0,12
Isak,2,2,65,0,0,0,0.02,0,1,0.81,0,0,7
Joelinton,2,0,56,0,0,0.04,0.03,0,1,0.52,0,0,1
Longstaff,2,1,33,0,0,0,0,0,0,0.56,0,0,2
Pope,2,3,90,0,0,0,0,0,1,1.09,3,0,14
Schar,2,2,90,0,0,0,0.01,0,1,1.09,0,0,11
Targett,2,0,0,0,0,0,0,0,0,0,0,0,0
Tonali,2,1,66,0,0,0,0.01,0,1,0.81,0,0,6
Trippier,2,2,90,0,0,0,0.07,0,1,1.09,0,0,19
Wilson,2,1,24,0,0,0,0,0,0,0.28,0,0,3
Aurier,2,10,90,0,2,0.01,0.25,0,1,0.51,0,3,34
Awoniyi,2,7,83,1,0,0.31,0.02,0,1,0.51,0,1,29
Boly,2,1,68,0,0,0.38,0,0,1,0.24,0,0,4
Danilo,2,2,90,0,0,0.09,0.07,0,1,0.51,0,0,14
Dennis,2,0,0,0,0,0,0,0,0,0,0,0,0
Gibbs-White,2,2,90,0,0,0.06,0.39,0,1,0.51,0,0,12
Kouyate,2,1,1,0,0,0,0,0,0,0,0,0,4
Mangala,2,2,68,0,0,0,0,0,1,0.24,0,0,5
McKenna,2,2,90,0,0,0.19,0.01,0,1,0.51,0,0,12
Niakhate,2,1,1,0,0,0,0,0,0,0,0,0,5
Williams,2,2,90,0,0,0.02,0.07,0,1,0.51,0,0,5
Wood,2,7,6,1,0,0.12,0.01,0,0,0,0,2,30
Worrall,2,2,90,0,0,0.1,0.31,0,1,0.51,0,0,18
Yates,2,1,21,0,0,0,0.01,0,0,0.27,0,0,6
Ahmedhodzic,2,1,90,0,0,0.07,0,0,2,1.36,0,0,17
Baldock,2,0,0,0,0,0,0,0,0,0,0,0,0
Basham,2,1,32,0,0,0,0,0,1,0.55,0,0,6
Berge,2,0,0,0,0,0,0,0,0,0,0,0,0
Bogle,2,0,0,0,0,0,0,0,0,0,0,0,0
Egan,2,1,90,0,0,0,0,0,2,1.36,0,0,13
Fleck,2,0,0,0,0,0,0,0,0,0,0,0,0
Foderingham,2,1,90,0,0,0,0,0,2,1.36,2,0,15
McBurnie,2,0,0,0,0,0,0,0,0,0,0,0,0
Norwood,2,1,90,0,0,0,0.19,0,2,1.36,0,0,15
Osborn,2,1,90,0,0,0,0.09,0,2,1.36,0,0,8
Osula,2,2,73,0,0,0.05,0.05,0,1,1.25,0,0,3
Bentancur,2,0,0,0,0,0,0,0,0,0,0,0,0
Bissouma,2,3,90,0,0,0.07,0.01,1,0,1.99,0,0,15
Davies,2,4,20,0,1,0.43,0,0,0,0.35,0,0,8
E.Royal,2,1,2,0,0,0,0,0,0,0.26,0,0,2
Hojbjerg,2,1,14,0,0,0,0.01,0,0,0.35,0,0,4
Kulusevski,2,3,87,0,0,0.08,0.02,1,0,1.73,0,0,7
Lo Celso,2,0,0,0,0,0,0,0,0,0,0,0,0
Maddison,2,3,90,0,0,0.1,0.25,1,0,1.99,0,0,12
Pedro Porro,2,6,87,0,0,0.1,0.12,1,0,1.73,0,0,26
Perisic,2,1,20,0,0,0,0.44,0,0,0.35,0,0,6
Reguilon,2,0,0,0,0,0,0,0,0,0,0,0,0
Richarlison,2,3,69,0,0,0,0.01,1,0,1.64,0,0,2
Romero,2,6,90,0,0,0.08,0.01,1,0,1.99,0,0,26
Sarr,2,10,75,1,0,0.67,0.03,1,0,1.64,0,2,36
Skipp,2,0,0,0,0,0,0,0,0,0,0,0,0
Son,2,3,90,0,0,0.13,0.38,1,0,1.99,0,0,20
Udogie,2,5,69,0,0,0.15,0.09,1,0,1.64,0,0,10
Vicario,2,11,90,0,0,0,0,1,0,1.99,6,3,41
N.Aguerd,2,5,66,1,0,0.13,0,0,1,2.63,0,0,11
Antonio,2,9,75,1,0,0.22,0,0,1,2.26,0,3,32
Areola,2,10,90,0,0,0,0,0,1,2.45,3,2,31
Benrahma,2,2,68,0,0,0.07,0.03,0,1,2.26,0,0,2
Bowen,2,2,90,0,0,0.38,0.02,0,1,2.45,0,0,4
Cornet,2,0,0,0,0,0,0,0,0,0,0,0,0
Coufal,2,2,90,0,0,0,0.04,0,1,2.45,0,0,8
Cresswell,2,0,0,0,0,0,0,0,0,0,0,0,0
Emerson,2,4,90,0,1,0,0.01,0,1,2.45,0,0,17
P.Fornals,2,1,14,0,0,0.11,0,0,0,0.18,0,0,5
Ings,2,0,0,0,0,0,0,0,0,0,0,0,0
Kehrer,2,0,0,0,0,0,0,0,0,0,0,0,0
L.Paqueta,2,6,90,1,0,0.85,0.04,0,1,2.45,0,0,23
Rice,2,3,90,0,0,0,0.23,1,0,1.06,0,0,20
Souček,2,2,90,0,0,0,0.01,0,1,2.45,0,0,13
Zouma,2,2,90,0,0,0,0,0,1,2.45,0,0,9
Ait-Nouri,2,0,86,0,0,0.21,0.07,0,4,2.27,0,0,11
H.Bueno,2,1,4,0,0,0.16,0,0,0,0,0,0,3
Dawson,2,-1,70,0,0,0.07,0,0,4,2.2,0,0,11
Fabio Silva,2,1,54,0,0,0.45,0,0,4,1.95,0,0,3
Giles,2,0,0,0,0,0,0,0,0,0,0,0,0
Hee Chan,2,5,35,1,0,0.05,0.5,0,0,0.33,0,0,19
Raul,2,2,85,0,0,0.05,0.1,0,2,2.54,0,0,5
Joao Gomes,2,1,54,0,0,0.05,0.04,0,4,1.95,0,0,4
Kalajdzic,2,0,0,0,0,0,0,0,0,0,0,0,0
Kilman,2,-1,90,0,0,0,0.01,0,4,2.27,0,0,11
Lemina,2,2,90,0,0,0.69,0.01,0,4,2.27,0,0,9
Matheus N.,2,-1,90,0,0,0.05,0.17,0,4,2.27,0,0,5
Neto,2,2,90,0,0,0.14,0.04,0,4,2.27,0,0,7
Jose Sa,2,1,90,0,0,0,0,0,4,2.27,4,0,19
Sarabia,2,4,35,0,1,0.02,0.32,0,0,0.33,0,0,18
N.Semedo,2,0,90,0,0,0.02,0.01,0,4,2.27,0,0,10
Lockyer,2,0,0,0,0,0,0,0,0,0,0,0,0
J.Robinson,2,1,90,0,0,0.04,0.03,0,2,1.36,0,0,13
Ogbonna,2,1,21,0,0,0,0,0,0,0.18,0,0,4
Mpanzu,2,0,0,0,0,0,0,0,0,0,0,0,0
Solomon,2,1,2,0,0,0,0,0,0,0.26,0,0,4
Pau,2,6,90,0,0,0,0,1,0,0.68,0,0,22
J.Timber,2,0,0,0,0,0,0,0,0,0,0,0,0
Chong,2,0,0,0,0,0,0,0,0,0,0,0,0
Slimane,2,0,0,0,0,0,0,0,0,0,0,0,0
Young,2,0,90,0,0,0,0.02,0,4,3.11,0,0,18
Cunha,2,2,90,0,0,0.45,0.33,0,4,2.27,0,0,13
Willian,2,1,22,0,0,0.07,0,0,1,1.87,0,0,1
Larouci,2,1,45,0,0,0,0,0,1,0.55,0,0,2
T.Benie,2,2,81,0,0,0.27,0.03,0,1,1.25,0,0,-2
Amdouni,2,0,0,0,0,0,0,0,0,0,0,0,0
Kerkez,2,1,90,0,0,0,0.01,0,3,3.08,0,0,11
Trafford,2,0,0,0,0,0,0,0,0,0,0,0,0
A.Onana,2,2,90,0,0,0,0,0,2,1.8,5,0,19
Diaby,2,3,63,0,0,0.34,0.18,1,0,0.64,0,0,8
Redmond,2,0,0,0,0,0,0,0,0,0,0,0,0
Danjuma,2,1,52,0,0,0.17,0.12,0,2,0.99,0,0,3
Kabore,2,0,0,0,0,0,0,0,0,0,0,0,0
Barnes,2,0,34,0,0,0.03,0.01,0,0,0.56,0,0,-1
Aina,2,0,0,0,0,0,0,0,0,0,0,0,0
Koleosho,2,0,0,0,0,0,0,0,0,0,0,0,0
Bruun Larsen,2,0,0,0,0,0,0,0,0,0,0,0,0
Maatsen,2,0,0,0,0,0,0,0,0,0,0,0,0
Bassey,2,1,23,0,0,0,0,0,1,1.87,0,0,4
Disasi,2,0,90,0,0,0,0.03,0,3,1.8,0,0,6
Ugochukwu,2,0,0,0,0,0,0,0,0,0,0,0,0
Kaminski,2,0,0,0,0,0,0,0,0,0,0,0,0
Gvardiol,2,6,90,0,0,0,0.01,1,0,0.29,0,0,24
Hojlund,2,0,0,0,0,0,0,0,0,0,0,0,0
Dobbin,2,1,45,0,0,0,0,0,2,0.99,0,0,6
Doak,2,0,0,0,0,0,0,0,0,0,0,0,0
Barkley,2,0,0,0,0,0,0,0,0,0,0,0,0
Brown,2,0,0,0,0,0,0,0,0,0,0,0,0
Vini Souza,2,1,57,0,0,0.06,0,0,1,0.82,0,0,9
Van de Ven,2,7,90,0,0,0,0.01,1,0,1.99,0,1,28
Alvarez,2,1,9,0,0,0,0,0,0,0.13,0,0,4
Aarons,2,1,90,0,0,0.02,0.02,0,3,3.08,0,0,15
Y. Chermiti,2,0,0,0,0,0,0,0,0,0,0,0,0
Onyango,2,1,1,0,0,0,0,0,0,0,0,0,3
Rak-Sakyi,2,1,7,0,0,0.02,0.08,0,0,0,0,0,4
Gordon,2,0,0,0,0,0,0,0,0,0,0,0,0
Adama,2,1,4,0,0,0,0,0,1,1.27,0,0,3
Hamer,2,6,90,1,0,0.02,0.12,0,2,1.36,0,0,24
Ward-Prowse,2,9,80,0,2,0.04,0.11,0,1,2.32,0,1,30
Lavia,2,0,0,0,0,0,0,0,0,0,0,0,0
Endo,2,1,27,0,0,0,0.01,0,0,1.09,0,0,4
Zaniolo,2,0,0,0,0,0,0,0,0,0,0,0,0
Lenglet,2,0,0,0,0,0,0,0,0,0,0,0,0
Sinisterra,2,0,0,0,0,0,0,0,0,0,0,0,0
Ansu Fati,2,0,0,0,0,0,0,0,0,0,0,0,0
Delcroix,2,0,0,0,0,0,0,0,0,0,0,0,0
A.Ramsey,2,0,0,0,0,0,0,0,0,0,0,0,0
Beto,2,0,0,0,0,0,0,0,0,0,0,0,0
Harris,2,0,0,0,0,0,0,0,0,0,0,0,0
Castagne,2,0,0,0,0,0,0,0,0,0,0,0,0
Gravenberch,2,0,0,0,0,0,0,0,0,0,0,0,0
Johnson,2,0,0,0,0,0,0,0,0,0,0,0,0
Doku,2,0,0,0,0,0,0,0,0,0,0,0,0
Amrabat,2,0,0,0,0,0,0,0,0,0,0,0,0
G.Montiel,2,0,0,0,0,0,0,0,0,0,0,0,0
Origi,2,0,0,0,0,0,0,0,0,0,0,0,0
L.Thomas,2,0,0,0,0,0,0,0,0,0,0,0,0
Kudus,2,0,0,0,0,0,0,0,0,0,0,0,0
